"","percentPopHS","percentPopBach"
"1",91.301487478795,28.6579343858086
